"response","correction"
"A","a"
"abaco","ábaco"
"abaro","avaro"
"abitab","Abitab"
"abogacia","abogacía"
"aborigenes","aborígenes"
"absorcion","absorción"
"absorver","absorber"
"abstraccion","abstracción"
"aca","acá"
"academico","académico"
"acaros","ácaros"
"accion","acción"
"aceleracion","aceleración"
"acentuacion","acentuación"
"aceptacion","aceptación"
"acertivo","asertivo"
"acida","ácida"
"acido","ácido"
"aclaracion","aclaración"
"acne","acné"
"acojedor","acogedor"
"acordeon","acordeón"
"actuacion","actuación"
"actualizacion","actualización"
"acuatico","acuático"
"acumulacion","acumulación"
"acusacion","acusación"
"adan","Adán"
"adán","Adán"
"adaptacion","adaptación"
"ademas","además"
"aderido","adherido"
"aderir","adherir"
"adiccion","adicción"
"adicion","adición"
"adios","adiós"
"adivinacion","adivinación"
"administracion","administración"
"admiracion","admiración"
"adn","ADN"
"adolecencia","adolescencia"
"adolecente","adolescente"
"adolecentes","adolescentes"
"adolesente","adolescente"
"adolesentes","adolescentes"
"adopcion","adopción"
"adoquin","adoquín"
"adoracion","adoración"
"adquisicion","adquisición"
"aerea","aérea"
"aereo","aéreo"
"afan","afán"
"aficion","afición"
"afin","afín"
"afip","AFIP"
"afirmacion","afirmación"
"afixia","asfixia"
"afliccion","aflicción"
"africa","África"
"Africa","África"
"áfrica","África"
"ageno","ajeno"
"agil","ágil"
"agitacion","agitación"
"aglomeracion","aglomeración"
"agonia","agonía"
"agrecion","agresión"
"agresion","agresión"
"agrupacion","agrupación"
"água","agua"
"aguero","agüero"
"aguijon","aguijón"
"aguila","águila"
"agus","agua"
"ahi","ahí"
"ahinco","ahínco"
"ahua","agua"
"aito","auto"
"aji","ají"
"ajuga","aguja"
"aladin","Aladín"
"aladino","Aladín"
"alagar","halagar"
"alago","halago"
"alaja","alhaja"
"alajas","alhajas"
"alaska","Alaska"
"albedrio","albedrío"
"album","álbum"
"alcaldia","alcaldía"
"alcancia","alcancía"
"alcauete","alcahuete"
"alchol","alcohol"
"alcoholica","alcohólica"
"alcoholicas","alcohólicas"
"alcoholico","alcohólico"
"alcoholicos","alcohólicos"
"aleacion","aleación"
"alegria","alegría"
"alegrìa","alegría"
"alegrias","alegrías"
"aleman","alemán"
"alemania","Alemania"
"alfareria","alfarería"
"algarabia","algarabía"
"algebra","álgebra"
"algodon","algodón"
"alicia","Alicia"
"alienacion","alienación"
"alienigena","alienígena"
"alimentacion","alimentación"
"alineacion","alineación"
"alla","allá"
"allar","hallar"
"alli","allí"
"almacen","almacén"
"almohadon","almohadón"
"altaneria","altanería"
"alteracion","alteración"
"altisimo","altísimo"
"alumento","alimento"
"am","AM"
"amarrillo","amarillo"
"amazonas","Amazonas"
"ambicion","ambición"
"ambiguedad","ambigüedad"
"ambiguedades","ambigüedades"
"ambito","ámbito"
"ambitos","ámbitos"
"amen","amén"
"america","América"
"America","América"
"américa","América"
"amir","amor"
"Amor","amor"
"amot","amor"
"ana","Ana"
"analgesico","analgésico"
"analgesicos","analgésicos"
"analisis","análisis"
"analitica","analítica"
"analitico","analítico"
"anana","ananá"
"anarquia","anarquía"
"anatomia","anatomía"
"ancap","ANCAP"
"anciedad","ansiedad"
"ancioso","ansioso"
"andes","Andes"
"andres","Andrés"
"andrés","Andrés"
"anecdota","anécdota"
"anecdotas","anécdotas"
"anelido","anélido"
"anelo","anhelo"
"anfitrion","anfitrión"
"angel","ángel"
"angeles","ángeles"
"angulo","ángulo"
"angulos","ángulos"
"animacion","animación"
"animalito","animalizo"
"anime","animé"
"animeé","animé"
"animo","ánimo"
"aninal","animal"
"anonimo","anónimo"
"anonimos","anónimos"
"anor","amor"
"anotacion","anotación"
"antartida","Antártida"
"antel","ANTEL"
"antibiotico","antibiótico"
"antibioticos","antibióticos"
"anticipacion","anticipación"
"antiestetico","antiestético"
"antigüa","antigua"
"antiguedad","antigüedad"
"antiguedades","antigüedades"
"antigüo","antiguo"
"antigüos","antiguos"
"antihigienico","antihigiénico"
"antilope","antílope"
"antipatico","antipático"
"antitesis","antítesis"
"antonimo","antónimo"
"antonio","Antonio"
"antropologia","antropología"
"apagon","apagón"
"apatia","apatía"
"apatica","apática"
"apatico","apático"
"apendice","apéndice"
"apendices","apéndices"
"aplicacion","aplicación"
"apostol","apóstol"
"Apostol","apóstol"
"Apóstol","apóstol"
"apostoles","apóstoles"
"apple","Apple"
"apreciacion","apreciación"
"aprendisaje","aprendizaje"
"aprobacion","aprobación"
"apropiacion","apropiación"
"aproximacion","aproximación"
"aqui","aquí"
"aquiles","Aquiles"
"arabe","árabe"
"arabia","Arabia"
"aracnido","arácnido"
"aragan","haragán"
"aragán","haragán"
"aragana","haragána"
"aragána","haragána"
"arbitro","árbitro"
"arbol","árbol"
"arboles","árboles"
"arco iris","arcoíris"
"arcoiris","arcoíris"
"area","área"
"argentina","Argentina"
"argumentacion","argumentación"
"arida","árida"
"aridas","áridas"
"arido","árido"
"aridos","áridos"
"ariel","Ariel"
"aristoteles","Aristóteles"
"aritmetica","aritmética"
"arjona","Arjona"
"armazon","armazón"
"armonia","armonía"
"armonica","armónica"
"armonico","armónico"
"aromatico","aromático"
"artesania","artesanía"
"artesanias","artesanías"
"articulacion","articulación"
"articulo","artículo"
"articulos","artículos"
"artigas","Artigas"
"artistica","artística"
"artisticas","artísticas"
"artistico","artístico"
"arto","harto"
"asecino","asesino"
"asensor","ascensor"
"asi","así"
"asia","Asia"
"asiatico","asiático"
"asincronica","asincrónica"
"asincronico","asincrónico"
"asincronicas","asincrónicas"
"asincronicos","asincrónicos"
"asociacion","asociación"
"Asociacion","asociación"
"Asociación","asociación"
"aspera","áspera"
"aspero","áspero"
"astio","hastío"
"astrologia","astrología"
"astronomia","astronomía"
"ataud","ataúd"
"atenas","Atenas"
"atencion","atención"
"atipica","atípica"
"atipicas","atípicas"
"atipico","atípico"
"atipicos","atípicos"
"atletica","atlética"
"atleticas","atléticas"
"atletico","atlético"
"atleticos","atléticos"
"atmosfera","atmósfera"
"atmosferica","atmosférica"
"atmosferico","atmosférico"
"atomica","atómica"
"atomo","átomo"
"atomos","átomos"
"atonito","atónito"
"atraccion","atracción"
"atras","atrás"
"atrazo","atraso"
"atun","atún"
"audas","audaz"
"audicion","audición"
"audifono","audífono"
"aujero","agujero"
"aun","aún"
"australia","Australia"
"autentica","auténtica"
"autentico","auténtico"
"autobus","autobús"
"autoctono","autóctono"
"automatico","automático"
"automovil","automóvil"
"autonoma","autónoma"
"autonomas","autónomas"
"autonomia","autonomía"
"autonomo","autónomo"
"autonomos","autónomos"
"autorizacion","autorización"
"aveja","abeja"
"avejas","abejas"
"avion","avión"
"azco","asco"
"azno","asno"
"azucar","azúcar"
"B","b"
"baga","vaga"
"bagas","vagas"
"bago","vago"
"bagos","vagos"
"bailarin","bailarín"
"baisboll","béisbol"
"bajon","bajón"
"balcon","balcón"
"baldio","baldío"
"balon","balón"
"bambi","Bambi"
"bambu","bambú"
"Banco","banco"
"bandoneon","bandoneón"
"bano","vano"
"bara","vara"
"barbara","bárbara"
"barbaras","bárbaras"
"barbaro","bárbaro"
"barbaros","bárbaros"
"barbie","Barbie"
"barcelona","Barcelona"
"bariloche","Bariloche"
"bart","Bart"
"bart simpson","Bart Simpson"
"bart simpsons","Bart Simpson"
"baseball","béisbol"
"baseboll","béisbol"
"basica","básica"
"basico","básico"
"basket","básquetbol"
"basketball","básquetbol"
"Basketball","básquetbol"
"basketbol","básquetbol"
"baso","vaso"
"basquet","básquetbol"
"básquet","básquetbol"
"basquetball","básquetbol"
"basquetbol","básquetbol"
"baston","bastón"
"bateria","batería"
"baterias","baterías"
"batman","Batman"
"baul","baúl"
"beatles","Beatles"
"bebe","bebé"
"bebes","bebés"
"beetoven","Beethoven"
"beisbol","béisbol"
"belgrano","Belgrano"
"belica","bélica"
"belicas","bélicas"
"belico","bélico"
"belicos","bélicos"
"bendicion","bendición"
"benedetti","Benedetti"
"benevolo","benévolo"
"benevolos","benévolos"
"berlin","Berlín"
"bethoveen","Beethoven"
"bethoven","Beethoven"
"biberon","biberón"
"bibliografia","bibliografía"
"bic","BIC"
"bien estar","bienestar"
"big bang","Big Bang"
"bijou","bijouterie"
"bijouteri","bijouterie"
"bijouteria","bijouterie"
"bijoutería","bijouterie"
"biju","bijouterie"
"bijuteri","bijouterie"
"bijuteria","bijouterie"
"bijutería","bijouterie"
"bijuterie","bijouterie"
"biologia","biología"
"biologica","biológica"
"biologicas","biológicas"
"biologico","biológico"
"biologicos","biológicos"
"bioticos","bióticos"
"birodado","birrodado"
"biscocho","bizcocho"
"biscochos","bizcochos"
"biscochuelo","bizcochuelo"
"bisturi","bisturí"
"Blanca","blanca"
"blancanieves","Blancanieves"
"Blanco","blanco"
"bob","Bob"
"bob esponja","Bob Esponja"
"bocon","bocón"
"boemio","bohemio"
"boletin","boletín"
"bolido","bólido"
"bolidos","bólidos"
"boligrafo","bolígrafo"
"bolivia","Bolivia"
"bolsonaro","Bolsonaro"
"boludes","boludez"
"bombon","bombón"
"boñato","boniato"
"boñiato","boniato"
"bonomi","Bonomi"
"bordaberry","Bordaberry"
"borges","Borges"
"botiquin","botiquín"
"boton","botón"
"boveda","bóveda"
"bovedas","bóvedas"
"brasil","Brasil"
"brio","brío"
"brujeria","brujería"
"brujula","brújula"
"buchon","buchón"
"bucolica","bucólica"
"bucolicas","bucólicas"
"bucolico","bucólico"
"bucolicos","bucólicos"
"buda","Buda"
"budin","budín"
"buenisimo","buenísimo"
"Bueno","bueno"
"buenos aires","Buenos Aires"
"buho","búho"
"bulgar","vulgar"
"bulling","bullying"
"bullyng","bullying"
"burgesia","burguesía"
"burgues","burgués"
"burguesia","burguesía"
"buscaglia","Buscaglia"
"buso","buzo"
"busqueda","búsqueda"
"butia","butiá"
"buzon","buzón"
"cabala","cábala"
"caballeria","caballería"
"cabezon","cabezón"
"cabron","cabrón"
"cabutia","kabutiá"
"caceria","cacería"
"cadaver","cadáver"
"cafe","café"
"cafeteria","cafetería"
"cagaso","cagazo"
"cagon","cagón"
"caida","caída"
"caidas","caídas"
"caido","caído"
"cajon","cajón"
"calamaro","Calamaro"
"calculo","cálculo"
"calculos","cálculos"
"calefaccion","calefacción"
"calefon","calefón"
"calenton","calentón"
"calida","cálida"
"calido","cálido"
"calificacion","calificación"
"calir","calor"
"callejon","callejón"
"calorias","calorías"
"calzon","calzón"
"camaleon","camaleón"
"camara","cámara"
"camaraderia","camaradería"
"camaras","cámaras"
"camila","Camila"
"camion","camión"
"camiòn","camión"
"camison","camisón"
"campeon","campeón"
"cancer","cáncer"
"cancion","canción"
"cañeria","cañería"
"cañon","cañón"
"cánon","canon"
"cansansio","cansancio"
"cantida","cantidad"
"caotica","caótica"
"caoticas","caóticas"
"caotico","caótico"
"caoticos","caóticos"
"capacitacion","capacitación"
"caparazon","caparazón"
"capás","capaz"
"capáz","capaz"
"caperucita","Caperucita"
"capitan","capitán"
"capitulo","capítulo"
"capitulos","capítulos"
"capsula","cápsula"
"capsulas","cápsulas"
"carabana","caravana"
"caracter","carácter"
"caracteristica","característica"
"caracteristicas","características"
"caracteristico","característico"
"caracteristicos","característicos"
"carbon","carbón"
"carcaza","carcasa"
"carcel","cárcel"
"cardiaca","cardíaca"
"cardumen","cardúmen"
"cardumenes","cardúmenes"
"cardiacas","cardíacas"
"cardiaco","cardíaco"
"cardiacos","cardíacos"
"Caribe","caribe"
"carino","cariño"
"carismatico","carismático"
"carlos","Carlos"
"carnabal","carnaval"
"carniboro","carnívoro"
"carniceria","carnicería"
"carnivoro","carnívoro"
"carpinteria","carpintería"
"carpinterias","carpinterías"
"carrasco","Carrasco"
"carton","cartón"
"cascara","cáscara"
"castracion","castración"
"catastrofe","catástrofe"
"catedratico","catedrático"
"categoria","categoría"
"catolica","católica"
"catolicas","católicas"
"catolico","católico"
"catolicos","católicos"
"cause","cauce"
"cavernicola","cavernícola"
"cavernicolas","cavernícolas"
"cayo","cayó"
"cedula","cédula"
"celcius","Celsius"
"celebracion","celebración"
"celebre","célebre"
"celebres","célebres"
"celsius","Celsius"
"celula","célula"
"celulas","células"
"Cenicienta","cenicienta"
"centigrado","centígrado"
"centigrados","centígrados"
"centimetro","centímetro"
"centimetros","centímetros"
"centroamerica","centroamérica"
"ceramica","cerámica"
"cerati","Cerati"
"cercania","cercanía"
"cerrucho","serrucho"
"certesa","certeza"
"cesarea","cesárea"
"cesareas","cesáreas"
"cesped","césped"
"chaman","chamán"
"champagña","champagne"
"champaña","champagne"
"champion","champión"
"chamulla","chamuya"
"chamullar","chamuyar"
"chamullo","chamuyo"
"charlatan","charlatán"
"charrua","charrúa"
"charruas","charrúas"
"che guevara","Che Guevara"
"che Guevara","Che Guevara"
"chelo","cello"
"chernobil","Chernobyl"
"chernobyl","Chernobyl"
"chernovil","Chernobyl"
"chichon","chichón"
"chicolate","chocolate"
"chile","Chile"
"chimpance","chimpancé"
"china","China"
"chinchulin","chinchulín"
"chiquilin","chiquilín"
"choripan","choripán"
"chucherias","chucherías"
"chupetin","chupetín"
"Chusma","chusma"
"chusmerio","chusmerío"
"chusmerios","chusmeríos"
"chuy","Chuy"
"chuzma","chusma"
"cia","CIA"
"Ciencia","ciencia"
"cientifico","científico"
"cientificos","científicos"
"cinica","cínica"
"cinicas","cínicas"
"cinico","cínico"
"cinicos","cínicos"
"cinturon","cinturón"
"circulacion","circulación"
"circulo","círculo"
"circulos","círculos"
"cirugia","cirugía"
"cirujia","cirugía"
"citrico","cítrico"
"Ciudad","ciudad"
"ciudadania","ciudadanía"
"civico","cívico"
"civilizacion","civilización"
"clarin","clarín"
"clasica","clásica"
"clasico","clásico"
"clasificacion","clasificación"
"clinica","clínica"
"clinicas","clínicas"
"clinico","clínico"
"clinicos","clínicos"
"clitoris","clítoris"
"closet","clóset"
"coaccion","coacción"
"cobardia","cobardía"
"coca cola","Coca-Cola"
"Coca-cola","Coca-Cola"
"coca-cola","Coca-Cola"
"cocacola","Coca-Cola"
"cocaina","cocaína"
"coccion","cocción"
"cocer","coser"
"codigo","código"
"codigos","códigos"
"cojer","coger"
"colaboracion","colaboración"
"colchon","colchón"
"coleccion","colección"
"colera","cólera"
"colerico","colérico"
"colico","cólico"
"colicos","cólicos"
"colinizacion","colinización"
"colombia","Colombia"
"colon","Colón"
"Colon","Colón"
"colón","Colón"
"colonizacion","colonización"
"combinacion","combinación"
"combustion","combustión"
"comezon","comezón"
"comfort","confort"
"comic","cómic"
"comica","cómica"
"comicas","cómicas"
"comico","cómico"
"comicos","cómicos"
"comics","cómics"
"Comida","comida"
"comidq","comida"
"comids","comida"
"comilon","comilón"
"comisaria","comisaría"
"comoda","cómoda"
"comodida","comodidad"
"comodo","cómodo"
"comodos","cómodos"
"compacion","compasión"
"companera","compañera"
"companeras","compañeras"
"companero","compañero"
"companeros","compañeros"
"compania","compañía"
"compañia","compañía"
"comparacion","comparación"
"Compartir","compartir"
"compartit","compartir"
"compas","compás"
"compasion","compasión"
"compensacion","compensación"
"competicion","competición"
"complicacion","complicación"
"complice","cómplice"
"complices","cómplices"
"composicion","composición"
"comprencion","comprensión"
"comprención","comprensión"
"comprension","comprensión"
"compulsion","compulsión"
"computacion","computación"
"comun","común"
"comunicacion","comunicación"
"comunicaciòn","comunicación"
"comunion","comunión"
"concenso","consenso"
"concentracion","concentración"
"conciencia","consciencia"
"conciente","consciente"
"concientemente","conscientemente"
"conclucion","conclusión"
"concluído","concluido"
"conclusion","conclusión"
"condensacion","condensación"
"condicion","condición"
"condon","condón"
"condorito","Condorito"
"conduccion","conducción"
"coneccion","conexión"
"conección","conexión"
"conecciones","conexiones"
"conexion","conexión"
"confeccion","confección"
"confesion","confesión"
"confirmacion","confirmacón"
"confiteria","confitería"
"confrontacion","confrontación"
"confucion","confusión"
"confusion","confusión"
"conida","comida"
"conjugacion","conjugación"
"conjuncion","conjunción"
"conmemoracion","conmemoración"
"conpartir","compartir"
"conservacion","conservación"
"consideracion","consideración"
"consiso","conciso"
"conspiracion","conspiración"
"constelacion","constelación"
"constitucion","constitución"
"Constitucion","constitución"
"Constitución","constitución"
"construccion","construcción"
"contaminacion","contaminación"
"contemporaneo","contemporáneo"
"contencion","contención"
"contestacion","contestación"
"continuacion","continuación"
"contraccion","contracción"
"contradiccion","contradicción"
"contruccion","construcción"
"contruir","construir"
"convencion","convención"
"conversacion","conversación"
"conviccion","convicción"
"conyuge","cónyuge"
"conyugue","cónyuge"
"cónyugue","cónyuge"
"cooperacion","cooperación"
"coordinacion","coordinación"
"copetin","copetín"
"coqueteria","coquetería"
"corazon","corazón"
"cordoba","Córdoba"
"cordon","cordón"
"corea","Corea"
"corner","córner"
"corporacion","corporación"
"correccion","corrección"
"corrupcion","corrupción"
"cortesia","cortesía"
"cortez","cortés"
"cortéz","cortés"
"cosina","cocina"
"cotillon","cotillón"
"cpu","CPU"
"craneo","cráneo"
"crater","cráter"
"creacion","creación"
"credito","crédito"
"credula","crédula"
"credulas","crédulas"
"credulo","crédulo"
"credulos","crédulos"
"creible","creíble"
"creida","creída"
"creido","creído"
"cria","cría"
"crias","crías"
"crio","crío"
"crios","críos"
"cristina","Cristina"
"cristo","Cristo"
"critica","crítica"
"criticas","críticas"
"critico","crítico"
"criticos","críticos"
"crustaceo","crustáceo"
"cuadrilatero","cuadrilátero"
"cuadrille","cuadrillé"
"cuadrupedo","cuadrúpedo"
"cuantica","cuántica"
"cuanticas","cuánticas"
"cuantico","cuántico"
"cuanticos","cuánticos"
"cuba","Cuba"
"cubicos","cúbicos"
"cuestion","cuestión"
"cuidad","ciudad"
"culon","culón"
"cumpleano","cumpleaños"
"cumpleaño","cumpleaños"
"cumpleanos","cumpleaños"
"cumulo","cúmulo"
"curacion","curación"
"curriculum","currículum"
"cutcsa","CUTCSA"
"cutsa","CUTCSA"
"dadiva","dádiva"
"dadivas","dádivas"
"dali","Dalí"
"daniel","Daniel"
"danina","dañina"
"danino","dañino"
"darwin","Darwin"
"david","David"
"de mas","de más"
"debil","débil"
"debiles","débiles"
"debito","débito"
"decada","década"
"decadas","décadas"
"decaida","decaída"
"decaidas","decaídas"
"decaido","decaído"
"decaidos","decaídos"
"deceo","deseo"
"decepcion","decepción"
"decicion","decisión"
"decición","decisión"
"deciciones","decisiones"
"decision","decisión"
"declaracion","declaración"
"decoracion","decoración"
"dedicacion","dedicación"
"deduccion","deducción"
"defenza","defensa"
"deficit","déficit"
"definicion","definición"
"deglucion","deglución"
"degustacion","degustación"
"dejades","dejadez"
"dejenerado","degenerado"
"delesnable","deleznable"
"delesnar","deleznar"
"delfin","delfín"
"delicuente","delincuente"
"delimitacion","delimitación"
"demaciado","demasiado"
"demas","demás"
"demasia","demasía"
"demostracion","demostración"
"dentifrico","dentífrico"
"depilacion","depilación"
"deposito","depósito"
"deprecion","depresión"
"depreción","depresión"
"depresion","depresión"
"desacer","deshacer"
"desafio","desafío"
"desafios","desafíos"
"desague","desagüe"
"desanimo","desánimo"
"desaparicion","desaparición"
"desatencion","desatención"
"desazon","desazón"
"descanzar","descansar"
"descanzo","descanso"
"descartes","Descartes"
"descocido","descosido"
"descomposicion","descomposición"
"desconforme","disconforme"
"descortes","descortés"
"descortez","descortés"
"descortéz","descortés"
"descreido","descreído"
"descripcion","descripción"
"desden","desdén"
"desepcion","decepción"
"deseperacion","desesperación"
"desesperacion","desesperación"
"deshechar","desechar"
"deshecho","desecho"
"deshinibido","desinhibido"
"desicion","decisión"
"desición","decisión"
"desiciones","decisiones"
"desidir","decidir"
"desilucion","desilusión"
"desilución","desilusión"
"desilusion","desilusión"
"desinfeccion","desinfección"
"desinformacion","desinformación"
"desinteres","desinterés"
"desinterez","desinterés"
"desmotivacion","desmotivación"
"desolacion","desolación"
"desonesto","deshonesto"
"desorganizacion","desorganización"
"desorientacion","desorientación"
"despota","déspota"
"despreocupacion","despreocupación"
"despues","después"
"destruccion","destrucción"
"desubicacion","desubicación"
"desvia","desvía"
"desvias","desvías"
"desvio","desvío"
"desvios","desvíos"
"detencion","detención"
"detengase","deténgase"
"determinacion","determinación"
"detras","detrás"
"devaluacion","devaluación"
"devocion","devoción"
"devolucion","devolución"
"dgi","DGI"
"dia","día"
"diabolico","diabólico"
"diafano","diáfano"
"diagnostico","diagnóstico"
"diametro","diámetro"
"diametros","diámetros"
"dias","días"
"diciplina","disciplina"
"didactico","didáctico"
"diego","Diego"
"diferenciacion","diferenciación"
"dificil","difícil"
"dificiles","difíciles"
"dificl","difícil"
"difrutar","disfrutar"
"difusion","difusión"
"digestion","digestión"
"digito","dígito"
"digitos","dígitos"
"dimension","dimensión"
"dimero","dinero"
"dinamica","dinámica"
"dinamicas","dinámicas"
"dinamico","dinámico"
"dinamicos","dinámicos"
"diner","dinero"
"dineri","dinero"
"Dinero","dinero"
"Dios","dios"
"diplomatica","diplomática"
"diplomaticas","diplomáticas"
"diplomatico","diplomático"
"diplomaticos","diplomáticos"
"direccion","dirección"
"discriminacion","discriminación"
"discucion","discusión"
"discución","discusión"
"discusion","discusión"
"disiplina","disciplina"
"disminucion","disminución"
"disney","Disney"
"disposicion","disposición"
"distencion","distensión"
"distension","distensión"
"distincion","distinción"
"distopico","distópico"
"distraccion","distracción"
"distraida","distraída"
"distraido","distraído"
"distraidas","distraídas"
"distraidos","distraídos"
"distribucion","distribución"
"diu","DIU"
"divan","diván"
"divercion","diversión"
"diverción","diversión"
"diversion","diversión"
"divicion","división"
"division","división"
"dni","DNI"
"docil","dócil"
"documentacion","documentación"
"dogmatico","dogmático"
"dolar","dólar"
"dolares","dólares"
"dolir","dolor"
"domestico","doméstico"
"dominacion","dominación"
"don quijote","Don Quijote"
"donacion","donación"
"donald","Donald"
"dónde","donde"
"dormilon","dormilón"
"dormír","dormir"
"dracula","Drácula"
"drácula","Drácula"
"dragon","dragón"
"dramatico","dramático"
"ductil","dúctil"
"ductiles","dúctiles"
"Dulce","dulce"
"dumbo","Dumbo"
"duo","dúo"
"duracion","duración"
"dvd","DVD"
"e-mail","email"
"ebullicion","ebullición"
"eceptico","escéptico"
"echo","hecho"
"echos","hechos"
"ecologia","ecología"
"ecologica","ecológica"
"ecologico","ecológico"
"economia","economía"
"economica","económica"
"economicas","económicas"
"economico","económico"
"economicos","económicos"
"ecuacion","ecuación"
"ecuador","Ecuador"
"edificacion","edificación"
"edipo","Edipo"
"educacion","educación"
"EEUU","Estados Unidos"
"eeuu","Estados Unidos"
"eficas","eficaz"
"efimero","efímero"
"egipto","Egipto"
"egocentrica","egocéntrica"
"egocentricas","egocéntricas"
"egocentrico","egocéntrico"
"egocentricos","egocéntricos"
"egoismo","egoísmo"
"egoista","egoísta"
"egolatra","ególatra"
"eiffel","Eiffel"
"einstein","Einstein"
"ejecucion","ejecución"
"ejercito","ejército"
"él","el"
"elaboracion","elaboración"
"elastica","elástica"
"elastico","elástico"
"eleccion","elección"
"electrica","eléctrica"
"electrico","eléctrico"
"electrodomestico","electrodoméstico"
"electrodomesticos","electrodomésticos"
"electron","electrón"
"electronica","electrónica"
"electronico","electrónico"
"elejir","elegir"
"elevacion","elevación"
"elite","élite"
"elongacion","elongación"
"embarcacion","embarcación"
"embase","envase"
"embrion","embrión"
"emocion","emoción"
"emosion","emoción"
"emoticon","emoticón"
"empatia","empatía"
"empatica","empática"
"empaticas","empáticas"
"empatico","empático"
"empaticos","empáticos"
"empujon","empujón"
"encia","encía"
"encias","encía"
"encuadernacion","encuadernación"
"energetico","energético"
"energia","energía"
"energias","energías"
"energica","enérgica"
"energicas","enérgicas"
"energico","enérgico"
"energicos","enérgicos"
"enfasis","énfasis"
"enfernedad","enfermedad"
"enfermedas","enfermedad"
"enfermeria","enfermería"
"engreida","engreída"
"engreido","engreído"
"enriedo","enredo"
"enojon","enojón"
"entre ríos","Entre Ríos"
"envio","envío"
"epica","épica"
"epicas","épicas"
"epico","épico"
"epicos","épicos"
"epoca","época"
"epocas","épocas"
"equilatero","equilátero"
"equitacion","equitación"
"equivocacion","equivocación"
"equivoco","equívoco"
"ereccion","erección"
"erotica","erótica"
"eroticas","eróticas"
"erotico","erótico"
"eroticos","eróticos"
"erroneo","erróneo"
"erupcion","erupción"
"escacez","escasez"
"escalafon","escalafón"
"escalofrio","escalofrío"
"escalon","escalón"
"escandalo","escándalo"
"escases","escasez"
"escazo","escaso"
"escencia","esencia"
"escencial","esencial"
"escencias","esencias"
"esceptico","escéptico"
"escocia","Escocia"
"escorpion","escorpión"
"escremento","excremento"
"escrementos","excrementos"
"escuhar","escuchar"
"esdrujula","esdrújula"
"esdrujulas","esdrújulas"
"eseptico","escéptico"
"esferica","esférica"
"esfericas","esféricas"
"esferico","esférico"
"esfericos","esféricos"
"esfimero","efímero"
"eslabon","eslabón"
"esmoquin","esmóquin"
"españa","España"
"espatula","espátula"
"especifica","específica"
"especificacion","especificación"
"especifico","específico"
"espectaculo","espectáculo"
"espectante","expectante"
"espectativa","expectativa"
"espectativas","expectativas"
"especulacion","especulación"
"espia","espía"
"espiritu","espíritu"
"espiritus","espíritus"
"esplendida","espléndida"
"esplendidas","espléndidas"
"esplendido","espléndido"
"esplendidos","espléndidos"
"espontanea","espontánea"
"espontaneo","espontáneo"
"esporadico","esporádico"
"esqui","esquí"
"esquies","esquíes"
"esta bien","está bien"
"estacion","estación"
"estacion de servicio","estación de servicio"
"estadia","estadía"
"estadistica","estadística"
"estadisticas","estadísticas"
"estadistico","estadístico"
"Estado","estado"
"estados unidos","Estados Unidos"
"estandar","estándar"
"estanteria","estantería"
"estatica","estática"
"estaticas","estáticas"
"estatico","estático"
"estaticos","estáticos"
"estereo","estéreo"
"esteril","estéril"
"estetica","estética"
"esteticas","estéticas"
"estetico","estético"
"esteticos","estéticos"
"estiercol","estiércol"
"estimulo","estímulo"
"estomago","estómago"
"estres","estrés"
"estress","estrés"
"estudii","estudio"
"estupida","estúpida"
"estupidas","estúpidas"
"estupido","estúpido"
"estupidos","estúpidos"
"esuchar","escuchar"
"et","ET"
"etareo","etario"
"eter","éter"
"etereo","etéreo"
"etica","ética"
"etico","ético"
"etilica","etílica"
"etilicas","etílicas"
"etilico","etílico"
"etilicos","etílicos"
"Eucaliptus","eucaliptus"
"euforico","eufórico"
"europa","Europa"
"eva","Eva"
"evaluacion","evaluación"
"evolucion","evolución"
"exageracion","exageración"
"exalar","exhalar"
"exaltacion","exaltación"
"exámen","examen"
"examenes","exámenes"
"exaustiva","exhaustiva"
"exaustivo","exhaustivo"
"exausto","exhausto"
"excel","Excel"
"excentrica","excéntrica"
"excentricas","excéntricas"
"excentrico","excéntrico"
"excentricos","excéntricos"
"excepcion","excepción"
"excitacion","excitación"
"exclamacion","exclamación"
"excluído","excluido"
"exclusion","exclusión"
"exelencia","excelencia"
"exelente","excelente"
"exelsa","excelsa"
"exelso","excelso"
"exhibicion","exhibición"
"exhuberante","exuberante"
"exibir","exhibir"
"exitacion","excitación"
"exitación","excitación"
"exitada","excitada"
"exitado","excitado"
"exitante","excitante"
"exitar","excitar"
"exito","éxito"
"exitos","éxitos"
"exotica","exótica"
"exoticas","exóticas"
"exotico","exótico"
"exoticos","exóticos"
"expancion","expansión"
"experimentacion","experimentación"
"explicacion","explicación"
"explicito","explícito"
"explocion","explosión"
"explosion","explosión"
"explotacion","explotación"
"exportacion","exportación"
"exposicion","exposición"
"exprecion","expresión"
"expresion","expresión"
"extasis","éxtasis"
"extencion","extensión"
"extención","extensión"
"extension","extensión"
"extincion","extinción"
"extorsion","extorsión"
"extrangero","extranjero"
"extrangeros","extranjeros"
"eyaculacion","eyaculación"
"fabrica","fábrica"
"fabricacion","fabricación"
"fabricas","fábricas"
"fabula","fábula"
"fabulas","fábulas"
"faccion","facción "
"facebook","Facebook"
"facebool","Facebook"
"facil","fácil"
"facista","fascista"
"Facultad","facultad"
"faina","fainá"
"famelico","famélico"
"famila","familia"
"Familia","familia"
"família","familia"
"fanatica","fanática"
"fanaticas","fanáticas"
"fanatico","fanático"
"fanaticos","fanáticos"
"fanfarron","fanfarrón"
"fantacia","fantasía"
"fantasia","fantasía"
"fantasias","fantasías"
"fantastica","fantástica"
"fantastico","fantástico"
"far west","Far West"
"farandula","farándula"
"faraon","faraón"
"farmaco","fármaco"
"farmacos","fármacos"
"farzante","farsante"
"fasista","fascista"
"fbi","FBI"
"Fbi","FBI"
"fé","fe"
"fecundacion","fecundación"
"Felicidad","felicidad"
"felicidas","felicidad"
"felicitacion","felicitación"
"Feliz","feliz"
"felíz","feliz"
"felucidad","felicidad"
"feluz","feliz"
"fenix","fénix"
"fenomena","fenómena"
"fenomeno","fenómeno"
"fenomenos","fenómenos"
"feretro","féretro"
"ferrari","Ferrari"
"ferreteria","ferretería"
"fertil","fértil"
"fetida","fétida"
"fetido","fétido"
"fibonacci","Fibonacci"
"fibron","fibrón"
"ficcion","ficción"
"fidel","Fidel"
"fijacion","fijación"
"filiacion","filiación"
"filmacion","filmación"
"filosofa","filósofa"
"filosofia","filosofía"
"filosofica","filosófica"
"filosoficas","filosóficas"
"filosofico","filosófico"
"filosoficos","filosóficos"
"filosofo","filósofo"
"finalizacion","finalización"
"finesa","fineza"
"firmesa","firmeza"
"fisgon","fisgón"
"fisica","física"
"fisicas","físicas"
"fisico","físico"
"fisicos","físicos"
"flaccido","flácido"
"fláccido","flácido"
"flacido","flácido"
"flemon","flemón"
"florencia","Florencia"
"fluída","fluida"
"fluides","fluidez"
"fluído","fluido"
"fluídos","fluidos"
"fluo","flúo"
"fluor","flúor"
"fm","FM"
"fogon","fogón"
"folclore","folklore"
"folico","fólico"
"follon","follón"
"football","fútbol"
"foraneo","foráneo"
"forestacion","forestación"
"formacion","formación"
"formula","fórmula"
"formulas","fórmulas"
"fosforo","fósforo"
"fosforos","fósforos"
"fosil","fósil"
"fotografia","fotografía"
"fotografias","fotografías"
"fotosintesis","fotosíntesis"
"foucault","Foucault"
"fraccion","fracción"
"fragil","frágil"
"fragiles","frágiles"
"frances","francés"
"francia","Francia"
"francisco","Francisco"
"frasada","frazada"
"freir","freír"
"freire","Freire"
"frenetico","frenético"
"frente amplio","Frente Amplio"
"freud","Freud"
"fria","fría"
"frias","frías"
"friccion","fricción"
"frii","frío"
"frio","frío"
"frìo","frío"
"frios","fríos"
"frivola","frívola"
"frivolas","frívolas"
"frivolo","frívolo"
"frivolos","frívolos"
"fronton","frontón"
"frustacion","frustración"
"frustracion","frustración"
"fué","fue"
"fuera de si","fuera de sí"
"fueza","fuerza"
"fugas","fugaz"
"funcion","función"
"fundacion","fundación"
"funebre","fúnebre"
"furbol","fútbol"
"fusion","fusión"
"futbol","fútbol"
"Futbol","fútbol"
"futil","fútil"
"galan","galán"
"galardon","galardón"
"galeria","galería"
"galpon","galpón"
"ganaderia","ganadería"
"ganzo","ganso"
"garantia","garantía"
"garantias","garantías"
"gardel","Gardel"
"garron","garrón"
"gas oil","gasoil"
"gelida","gélida"
"gelidas","gélidas"
"gelido","gélido"
"gelidos","gélidos"
"geminis","géminis"
"genealogia","genealogía"
"generacion","generación"
"genero","género"
"generos","géneros"
"genesis","génesis"
"genetica","genética"
"geneticas","genéticas"
"genetico","genético"
"geneticos","genéticos"
"gentio","gentío"
"geografia","geografía"
"geografico","geográfico"
"geometria","geometría"
"geometrica","geométrica"
"geometrico","geométrico"
"gerarquia","jerarquía"
"gerarquía","jerarquía"
"germenes","gérmenes"
"gerra","guerra"
"gestacion","gestación"
"gestiacion","gestación"
"gestion","gestión"
"ghana","Ghana"
"gimnacia","gimnasia"
"gimnacio","gimnasio"
"girafa","jirafa"
"glamur","glamour"
"glandula","glándula"
"globalizacion","globalización"
"gloton","glotón"
"glotoneria","glotonería"
"gluteo","glúteo"
"gluteos","glúteos"
"gmail","Gmail"
"Gobierno","gobierno"
"goliat","Goliat"
"gondola","góndola"
"gondolas","góndolas"
"google","Google"
"goze","goce"
"gps","GPS"
"graduacion","graduación"
"grafica","gráfica"
"graficiacion","gratificación"
"grafico","gráfico"
"gramatica","gramática"
"gratificacion","gratificación"
"grapadora","engrampadora"
"gravamen","gravámen"
"gravamenes","gravámenes"
"grecia","Grecia"
"griton","gritón"
"griz","gris"
"groseria","grosería"
"grua","grúa"
"gruñon","gruñón"
"Guardar","guardar"
"guarderia","guardería"
"guardian","guardián"
"guevara","Guevara"
"guia","guía"
"guias","guías"
"guion","guión"
"guri","gurí"
"h20","H2O"
"h2o","H2O"
"habia","había"
"habil","hábil"
"habilitacion","habilitación"
"habitab","hábitat"
"habitacion","habitación"
"habitad","hábitat"
"habitat","hábitat"
"habito","hábito"
"habitos","hábitos"
"habladuria","habladuría"
"habladurias","habladurías"
"halley","Halley"
"halloween","Halloween"
"haloween","Halloween"
"hámster","hamster"
"haragan","haragán"
"harry","Harry"
"harry potter","Harry Potter"
"haslo","hazlo"
"hastio","hastío"
"hawaii","Hawaii"
"hayar","hallar"
"hechado","echado"
"hechar","echar"
"heladeria","heladería"
"helice","hélice"
"helicoptero","helicóptero"
"hermetico","hermético"
"hermitaño","ermitaño"
"heroe","héroe"
"heroes","héroes"
"heroina","heroína"
"heroismo","heroísmo"
"herreria","herrería"
"heterogenea","heterogénea"
"heterogeneas","heterogéneas"
"heterogeneo","heterogéneo"
"heterogeneos","heterogéneos"
"hevilla","hebilla"
"hidrogeno","hidrógeno"
"higado","hígado"
"higienico","higiénico"
"hinchazon","hinchazón"
"hipocrecia","hipocresía"
"hipocrecía","hipocresía"
"hipocresia","hipocresía"
"hipocrita","hipócrita"
"hipocritas","hipócritas"
"hipotesis","hipótesis"
"hipotetico","hipotético"
"histerica","histérica"
"histerico","histérico"
"historico","histórico"
"hitler","Hitler"
"hiv","HIV"
"holanda","Holanda"
"holgazan","holgazán"
"hollin","hollín"
"hollywood","Hollywood"
"holmes","Holmes"
"homero","Homero"
"homo sapiens","Homo sapiens"
"homogenea","homogénea"
"homogeneas","homogéneas"
"homogeneo","homogéneo"
"homogeneos","homogéneos"
"homosapiens","Homo sapiens"
"horacio","Horacio"
"hormigon","hormigón"
"horoscopo","horóscopo"
"huerfano","huérfano"
"huesped","huésped"
"huída","huida"
"humeda","húmeda"
"humedo","húmedo"
"humillacion","humillación"
"huracan","huracán"
"icono","ícono"
"iconos","íconos"
"idem","ídem"
"identico","idéntico"
"identicos","idénticos"
"identificacion","identificación"
"ideologia","ideología"
"ideologias","ideologías"
"ideologica","ideológica"
"ideologico","ideológico"
"idilica","idílica"
"idilicas","idílicas"
"idilico","idílico"
"idilicos","idílicos"
"idola","ídola"
"idolas","ídolas"
"idolatria","idolatría"
"idolo","ídolo"
"idolos","ídolos"
"idoneo","idóneo"
"iglecia","iglesia"
"Iglesia","iglesia"
"iglu","iglú"
"ignacio","Ignacio"
"iguazu","Iguazú"
"Iguazu","Iguazú"
"iguazú","Iguazú"
"iliada","Ilíada"
"ilíada","Ilíada"
"ilicita","ilícita"
"ilicitas","ilícitas"
"ilicito","ilícito"
"ilicitos","ilícitos"
"ilogica","ilógica"
"ilogico","ilógico"
"ilucion","ilusión"
"ilución","ilusión"
"iluminacion","iluminación"
"ilusion","ilusión"
"ilustracion","ilustración"
"imágen","imagen"
"imagenes","imágenes"
"imaginacion","imaginación"
"iman","imán"
"imbecil","imbécil"
"imitacion","imitación"
"impetu","ímpetu"
"imposicion","imposición"
"impresindible","imprescindible"
"impresindibles","imprescindibles"
"impresion","impresión"
"inaccion","inacción"
"inalambrica","inalámbrica"
"inalambricas","inalámbricas"
"inalambrico","inalámbrico"
"inalambricos","inalámbricos"
"inalcansable","inalcanzable"
"inauguracion","inauguración"
"inbancable","imbancable"
"incandecente","incandescente"
"incapas","incapaz"
"inclinacion","inclinación"
"inclusion","inclusión"
"incognita","incógnita"
"incognitas","incógnitas"
"incognito","incógnito"
"incomoda","incómoda"
"incomodo","incómodo"
"incomprension","incomprensión"
"incomunicacion","incomunicación"
"inconciencia","inconsciencia"
"inconciente","inconsciente"
"inconcientemente","inconscientemente"
"inconsiencia","inconsciencia"
"inconsiente","inconsciente"
"incredula","incrédula"
"incredulas","incrédulas"
"incredulo","incrédulo"
"incredulos","incrédulos"
"increible","increíble"
"indecision","indecisión"
"indesicion","indecisión"
"indesiso","indeciso"
"india","India"
"indicacion","indicación"
"indice","índice"
"indigena","indígena"
"indigenas","indígenas"
"indignacion","indignación"
"induccion","inducción"
"inecesario","innecesario"
"inequivoco","inequívoco"
"infeccion","infección"
"infertil","infértil"
"infima","ínfima"
"infimas","ínfimas"
"infimo","ínfimo"
"infimos","ínfimos"
"infirmacion","información"
"inflacion","inflación"
"inflamacion","inflamación"
"informacion","información"
"informatica","informática"
"informatico","informático"
"infraccion","infracción"
"infusion","infusión"
"ingenieria","ingeniería"
"inglaterra","Inglaterra"
"ingles","inglés"
"inmobil","inmóvil"
"inmovil","inmóvil"
"innovacion","innovación"
"inpensado","impensado"
"inpuntual","impuntual"
"inquisicion","inquisición"
"insatisfaccion","insatisfacción"
"insertidumbre","incertidumbre"
"insipida","insípida"
"insipidas","insípidas"
"insipido","insípido"
"insipidos","insípidos"
"insolita","insólita"
"insolitas","insólitas"
"insolito","insólito"
"insolitos","insólitos"
"inspeccion","inspección"
"inspiracion","inspiración"
"instagram","Instagram"
"instantanea","instantánea"
"instantaneas","instantáneas"
"instantaneo","instantáneo"
"instantaneos","instantáneos"
"institucion","institución"
"instruccion","instrucción"
"integra","íntegra"
"integracion","integración"
"integro","íntegro"
"intencion","intención"
"interaccion","interacción"
"interes","interés"
"internacion","internación"
"Internet","internet"
"interpretacion","interpretación"
"interprete","intérprete"
"interrogacion","interrogación"
"interrupcion","interrupción"
"interseccion","intersección"
"intervencion","intervención"
"intima","íntimas"
"intimo","íntimo"
"intimos","íntimos"
"intoxicacion","intoxicación"
"intrepida","intrépida"
"intrepidas","intrépidas"
"intrepido","intrépido"
"intrepidos","intrépidos"
"introduccion","introducción"
"intromision","intromisión"
"introspeccion","introspección"
"intrumento","instrumento"
"intuicion","intuición"
"inundacion","inundación"
"inutil","inútil"
"inutiles","inútiles"
"invacion","invasión"
"invalida","inválida"
"invalidas","inválidas"
"invalido","inválido"
"invalidos","inválidos"
"invancable","imbancable"
"invasion","invasión"
"invencion","invención"
"inverosimil","inverosímil"
"inverosimiles","inverosímiles"
"inversion","inversión"
"investigacion","investigación"
"invitacion","invitación"
"inyeccion","inyección"
"iphone","iPhone"
"ireal","irreal"
"irlanda","Irlanda"
"ironia","ironía"
"irritacion","irritación"
"irupcion","irrupción"
"isosceles","isósceles"
"israel","Israel"
"italia","Italia"
"item","ítem"
"items","ítems"
"iva","IVA"
"jabon","jabón"
"jajajaja","jajaja"
"jamas","jamás"
"jamon","jamón"
"japon","Japón"
"japón","Japón"
"japones","japonés"
"jardin","jardín"
"jardineria","jardinería"
"jarron","jarrón"
"javier","Javier"
"jazmin","jazmín"
"jerarquia","jerarquía"
"jesus","Jesús"
"Jesus","Jesús"
"jesús","Jesús"
"joggin","jogging"
"john lennon","John Lennon"
"john lenon","John Lennon"
"jorge","Jorge"
"jose","José"
"josé","José"
"jóven","joven"
"jovenes","jóvenes"
"joyeria","joyería"
"juan","Juan"
"juana","Juana"
"juancho","Juancho"
"jubilacion","jubilación"
"jubilo","júbilo"
"júblio","júbilo"
"jucio","juicio"
"judia","judía"
"judias","judías"
"judio","judío"
"judios","judíos"
"jugarsela","jugársela"
"jugueton","juguetón"
"jujuy","Jujuy"
"julieta","Julieta"
"juridica","jurídica"
"juridico","jurídico"
"justificacion","justificación"
"kabutia","kabutiá"
"kadabra","cadabra"
"kerosén","querosén"
"kerosene","querosén"
"keroseno","querosén"
"kilombo","quilombo"
"kilometro","kilómetro"
"kilometros","kilómetros"
"kiosko","kiosco"
"labil","lábil"
"lacrimogena","lacrimógena"
"lacteas","lácteas"
"lacteo","lácteo"
"lacteos","lácteos"
"ladron","ladrón"
"lagrima","lágrima"
"lagrimas","lágrimas"
"lamina","lámina"
"laminas","láminas"
"lampara","lámpara"
"languida","lánguida"
"languidas","lánguidas"
"languido","lánguido"
"languidos","lánguidos"
"lapices","lápices"
"lapida","lápida"
"lapidas","lápidas"
"lapiz","lápiz"
"larrañaga","Larrañaga"
"laser","láser"
"latex","látex"
"latigo","látigo"
"latin","latín"
"latinoamerica","Latinoamérica"
"Latinoamerica","Latinoamérica"
"latinoamérica","Latinoamérica"
"laura","Laura"
"lavalleja","Lavalleja"
"lavarropa","lavarropas"
"lcd","LCD"
"league of legends","League of Legends"
"leccion","lección"
"lecheria","lechería"
"legislacion","legislación"
"legitimo","legítimo"
"leido","leído"
"lejania","lejanía"
"lenceria","lencería"
"lennon","Lennon"
"leon","león"
"Leon","león"
"León","león"
"lesion","lesión"
"lesviana","lesbiana"
"lexico","léxico"
"lgbt","LGBT"
"libelula","libélula"
"liberacion","liberación"
"libreria","librería"
"lider","líder"
"lideres","líderes"
"limitacion","limitación"
"limite","límite"
"limites","límites"
"limitrofe","limítrofe"
"limon","limón"
"limpido","límpido"
"linea","línea"
"lineas","líneas"
"linguistica","lingüística"
"linguística","lingüística"
"lio","lío"
"lios","líos"
"liquida","líquida"
"liquido","líquido"
"liquidos","líquidos"
"lirico","lírico"
"livertad","libertad"
"liz","luz"
"lloron","llorón"
"lobrego","lóbrego"
"lobulo","lóbulo"
"lobulos","lóbulos"
"localizacion","localización"
"locomocion","locomoción"
"locucion","locución"
"logica","lógica"
"logico","lógico"
"logistica","logística"
"londres","Londres"
"lorenzo","Lorenzo"
"los simpson","Simpsons"
"los simpsons","Simpsons"
"losa","loza"
"loteria","lotería"
"lucas","Lucas"
"lucido","lúcido"
"ludico","lúdico"
"lugat","lugar"
"lugubre","lúgubre"
"luis","Luis"
"Luna","luna"
"lux","luz"
"Luz","luz"
"machucon","machucón"
"maciso","macizo"
"macri","Macri"
"madrid","Madrid"
"mafalda","Mafalda"
"magestuoso","majestuoso"
"magica","mágica"
"magico","mágico"
"magnetica","magnética"
"magnetico","magnético"
"magnifico","magnífico"
"maiz","maíz"
"mal estar","malestar"
"mal humor","malhumor"
"mal trato","maltrato"
"maldicion","maldición"
"maldonado","Maldonado"
"malechor","malhechor"
"malefica","maléfica"
"maleficas","maléficas"
"malefico","maléfico"
"maleficos","maléficos"
"maletin","maletín"
"malevolo","malévolo"
"malevolos","malévolos"
"mali","malo"
"malisima","malísima"
"malisimas","malísimas"
"malisimo","malísimo"
"malisimos","malísimos"
"malvinas","Malvinas"
"mama","mamá"
"mamà","mamá"
"mamifero","mamífero"
"mamiferos","mamífero"
"manana","mañana"
"mandamas","mandamás"
"mandibula","mandíbula"
"mandibulas","mandíbulas"
"mandon","mandón"
"manganga","mangangá"
"mani","maní"
"mania","manía"
"maniaco","maníaco"
"manias","manías"
"maniatica","maniático"
"maniaticas","maniáticos"
"maniatico","maniático"
"maniaticos","maniáticos"
"manies","maníes"
"manifestacion","manifestación"
"manipulacion","manipulación"
"maniqui","maniquí"
"mansion","mansión"
"manuel","Manuel"
"manuelita","Manuelita"
"maquina","máquina"
"maquina de coser","máquina de coser"
"maquinas","máquinas"
"maradona","Maradona"
"maraton","maratón"
"maria","María"
"maría","María"
"maricon","maricón"
"mario","Mario"
"maritimo","marítimo"
"marley","Marley"
"marmol","mármol"
"marron","marrón"
"martir","mártir"
"marvel","Marvel"
"marx","Marx"
"mas","más"
"màs","más"
"mas tarde","más tarde"
"mascara","máscara"
"masiso","macizo"
"masizo","macizo"
"master","máster"
"mastil","mástil"
"masturbacion","masturación"
"mat","mar"
"matematica","matemática"
"matematicas","matemáticas"
"matematico","matemático"
"matillo","martillo"
"maxima","máxima"
"maximo","máximo"
"mayoria","mayoría"
"mayorias","mayorías"
"mayuscula","mayúscula"
"mayusculo","mayúsculo"
"Mc Donald's","McDonald's"
"mc donalds","McDonald's"
"mecanica","mecánica"
"mecanico","mecánico"
"medica","médica"
"medicacion","medicación"
"medicion","medición"
"medico","médico"
"medicos","médicos"
"medioambiente","medio ambiente"
"mediodia","mediodía"
"meditacion","meditación"
"mediterraneo","mediterráneo"
"medula","médula"
"medulas","médulas"
"megestuosa","majestuosa"
"mejico","México"
"Mejico","México"
"méjico","México"
"Méjico","México"
"mejoria","mejoría"
"mejorias","mejorías"
"melancolia","melancolía"
"melancolica","melancólica"
"melancolicas","melancólicas"
"melancolico","melancólico"
"melancolicos","melancólicos"
"melchor","Melchor"
"melodia","melodía"
"melon","melón"
"mencion","mención"
"mendoza","Mendoza"
"menstruacion","menstruación"
"menton","mentón"
"menu","menú"
"mercaderia","mercadería"
"mercaderias","mercaderías"
"mercancia","mercancía"
"mercosur","MERCOSUR"
"merito","mérito"
"meritos","méritos"
"mescla","mezcla"
"mesias","mesías"
"mesquino","mezquino"
"messi","Messi"
"mestruacion","menstruación"
"metafora","metáfora"
"metaforas","metáforas"
"metalica","metálica"
"metalicas","metálicas"
"metalico","metálico"
"metalicos","metálicos"
"meteorologica","meteorológica"
"metodica","metódica"
"metodicas","metódicas"
"metodico","metódico"
"metodicos","metódicos"
"metodo","método"
"metodologia","metodología"
"metodos","métodos"
"metrica","métrica"
"Mexico","México"
"méxico","México"
"mexico","México"
"mia","mía"
"miami","Miami"
"mias","mías"
"mickey","Mickey"
"microfono","micrófono"
"microscopica","microscópica"
"microscopicas","microscópicas"
"microscopico","microscópico"
"microscopicos","microscópicos"
"mides","MIDES"
"miefo","miedo"
"miercoles","miércoles"
"migracion","migración"
"millon","millón"
"mineria","minería"
"minima","mínima"
"minimas","mínimas"
"minimo","mínimo"
"minoria","minoría"
"minorias","minorías"
"minuscula","minúscula"
"minusculo","minúsculo"
"minusioso","minucioso"
"minusvalido","minusválido"
"mio","mío"
"miopia","miopía"
"mios","míos"
"miron","mirón"
"mision","misión"
"mistica","mística"
"misticas","místicas"
"mistico","místico"
"misticos","místicos"
"mitica","mítica"
"miticas","míticas"
"mitico","mítico"
"miticos","míticos"
"mitologia","mitología"
"modificacion","modificación"
"mogolica","mongólica"
"mogolicas","mongólicas"
"mogolico","mongólico"
"mogolicos","mongólicos"
"moises","Moisés"
"moisés","Moisés"
"molecula","molécula"
"moleculas","moléculas"
"momentaneo","momentáneo"
"monarquia","monarquía"
"mongolica","mongólica"
"mongolicas","mongólicas"
"mongolico","mongólico"
"mongolicos","mongólicos"
"monologo","monólogo"
"monologos","monólogos"
"monotonia","monotonía"
"monotono","monótono"
"montevideo","Montevideo"
"monton","montón"
"morbido","mórbido"
"moreton","moretón"
"morfeo","Morfeo"
"morron","morrón"
"motivacion","motivación"
"movil","móvil"
"moviliación","movilización"
"movilizacion","movilización"
"movistar","Movistar"
"msn","MSN"
"mujica","Mujica"
"muker","mujer"
"multiple","múltiple"
"multiples","múltiples"
"multiplicacion","multiplicación"
"multiplo","múltiplo"
"multiplos","múltiplos"
"municion","munición"
"murcielago","murciélago"
"muscia","música"
"musculacion","musculación"
"musculo","músculo"
"musculos","músculos"
"musica","música"
"Musica","música"
"musico","músico"
"musicos","músicos"
"musics","música"
"mutacion","mutación"
"muzarella","muzzarella"
"muzzarela","muzzarella"
"nacion","nación"
"ñandu","ñandú"
"narcotico","narcótico"
"narcoticos","narcóticos"
"narracion","narración"
"nasa","NASA"
"Nasa","NASA"
"natacion","natación"
"naufrago","náufrago"
"nausea","náusea"
"nauseas","náuseas"
"navegacion","navegación"
"navidad","Navidad"
"navio","navío"
"nectar","néctar"
"nefritico","nefrítico"
"nefriticos","nefríticos"
"negacion","negación"
"negociacion","negociación"
"nemo","Nemo"
"neruda","Neruda"
"ñery","ñeri"
"ñerys","ñeris"
"nestor","Néstor"
"Nestor","Néstor"
"néstor","Néstor"
"netflix","Netflix"
"neumatico","neumático"
"neurotica","neurótica"
"neuroticas","neuróticas"
"neurotico","neurótico"
"neuroticos","neuróticos"
"neutron","neutrón"
"new york","New York"
"newton","Newton"
"nike","Nike"
"nilo","Nilo"
"niñes","niñez"
"ninez","niñez"
"nino","niño"
"ninos","niños"
"nipon","nipón"
"nitida","nítida"
"nitidas","nítidas"
"nitido","nítido"
"nitidos","nítidos"
"nitrico","nítrico"
"nitrogeno","nitrógeno"
"No","no"
"no esta","no está"
"no se","no sé"
"nobe","Nobel"
"nocion","noción"
"noe","Noé"
"noel","Noel"
"nomada","nómada"
"nomadas","nómadas"
"nomade","nómade"
"nomades","nómades"
"norteamerica","norteamérica"
"nose","no sé"
"notificacion","notificación"
"notre dame","Notre Dame"
"nucleo","núcleo"
"nuemero","número"
"nueva york","Nueva York"
"numeracion","numeración"
"numerica","numérica"
"numericas","numéricas"
"numerico","numérico"
"numericos","numéricos"
"numero","número"
"numeros","números"
"numerós","números"
"nunero","número"
"nutricion","nutrición"
"nuve","nube"
"nuves","nubes"
"obceno","obsceno"
"obeja","oveja"
"obito","óbito"
"obligacion","obligación"
"obscuridad","oscuridad"
"obscuro","oscuro"
"obsecion","obsesión"
"obsena","obscena"
"obsenas","obscenas"
"obseno","obsceno"
"obsenos","obscenos"
"observacion","observación"
"obsesion","obsesión"
"obstaculo","obstáculo"
"obstaculos","obstáculos"
"obstruccion","obstrucción"
"obtencion","obtención"
"ocacion","ocasión"
"ocacional","ocasional"
"ocasion","ocasión"
"oceano","océano"
"oceanos","océanos"
"ocupacion","ocupación"
"ocurrio","ocurrió"
"odontologa","odontóloga"
"odontologas","odontólogas"
"odontologo","odontólogo"
"odontologos","odontólogos"
"oftalmologo","oftalmólogo"
"oido","oído"
"oidos","oídos"
"oir","oír"
"oja","hoja"
"ojala","ojalá"
"ojas","hojas"
"okey","ok"
"oleo","óleo"
"oligarquia","oligarquía"
"olimpiadas","olimpíadas"
"olimpico","olímpico"
"olivia","Olivia"
"omnibus","ómnibus"
"ondo","hondo"
"ondulacion","ondulación"
"ong","ONG"
"on line","online"
"on-line","online"
"opcion","opción"
"opera","ópera"
"operacion","operación"
"opinion","opinión"
"oposicion","oposición"
"oprecion","opresión"
"opresion","opresión"
"oprtunidad","oportunidad"
"optica","óptica"
"optico","óptico"
"oracion","oración"
"orbita","órbita"
"órden","orden"
"ordenes","órdenes"
"oregano","orégano"
"organica","orgánica"
"organicas","orgánicas"
"organico","orgánico"
"organicos","orgánicos"
"organizacion","organización"
"organo","órgano"
"organos","órganos"
"orgia","orgía"
"orgias","orgías"
"orientacion","orientación"
"origenes","orígenes"
"orin","orín"
"orrible","horrible"
"orribles","horribles"
"ortografia","ortografía"
"osadia","osadía"
"oscar","Óscar"
"osco","hosco"
"oseo","óseo"
"osio","ocio"
"ostentacion","ostentación"
"ostia","hostia"
"ostigamiento","hostigamiento"
"ostigar","hostigar"
"otorrino","otorrinolaringólogo"
"ovalo","óvalo"
"oviparo","ovíparo"
"ovulo","óvulo"
"oxido","óxido"
"oxigeno","oxígeno"
"pablo","Pablo"
"pacifco","pacífico"
"pacifcos","pacíficos"
"pacifica","pacífica"
"pacificas","pacíficas"
"pacifico","pacífico"
"pagina","página"
"paginas","páginas"
"pais","país"
"Pais","país"
"paises","países"
"pajaro","pájaro"
"PAJARO","pájaro"
"pajaros","pájaros"
"palabrerio","palabrerío"
"palermo","Palermo"
"palido","pálido"
"palpitacion","palpitación"
"palpito","pálpito"
"panaderia","panaderías"
"panama","Panamá"
"pancreas","páncreas"
"panico","pánico"
"pantalon","pantalón"
"papa noel","Papá Noel"
"papá noel","Papá Noel"
"papelon","papelón"
"paracaidas","paracaídas"
"paragua","paraguas"
"paraguay","Paraguay"
"paraiso","paraíso"
"paralisis","parálisis"
"paralitca","paralítica"
"paralitico","paralítico"
"parametro","parámetro"
"parasito","parásito"
"parasitos","parásitos"
"paredon","paredón"
"parentezco","parentesco"
"paris","París"
"Paris","París"
"parlanchin","parlanchín"
"parpado","párpado"
"parpados","párpados"
"parrafo","párrafo"
"parrafos","párrafos"
"participacion","participación"
"participe","partícipe"
"particula","partícula"
"particulas","partículas"
"pasiencia","paciencia"
"pasion","pasión"
"pasteleria","pastelería"
"patagonia","Patagonia"
"patetico","patético"
"patin","patín"
"patologia","patología"
"patologias","patologías"
"patriotica","patriótica"
"patrioticas","patrióticas"
"patriotico","patriótico"
"patrioticos","patrióticos"
"patron","patrón"
"pauperrimo","paupérrimo"
"pc","PC"
"peaton","peatón"
"pedofilo","pedófilo"
"pedofilos","pedófilos"
"pedro","Pedro"
"pelicula","película"
"Pelicula","película"
"peliculas","películas"
"peluqueria","peluquería"
"peñarol","Peñarol"
"penetracion","penetración"
"peon","peón"
"pepe","Pepe"
"pequeno","pequeño"
"percepcion","percepción"
"percusion","percusión"
"perdicion","perdición"
"perdida de tiempo","pérdida de tiempo"
"perdio","perdió"
"perdon","perdón"
"peresa","pereza"
"peresosa","perezosa"
"peresosas","perezosas"
"peresoso","perezoso"
"peresosos","perezosos"
"perez","Pérez"
"perfeccion","perfección"
"perimetro","perímetro"
"perimetros","perímetros"
"periodica","periódica"
"periodico","periódico"
"periodicos","períodicos"
"periodistica","perdiodística"
"periodistico","periodístico"
"periodo","período"
"periodos","períodos"
"peron","Perón"
"Peron","Perón"
"perón","Perón"
"persecucion","persecución"
"personad","personas"
"peru","Perú"
"Peru","Perú"
"pes","pez"
"pesima","pésima"
"pesimas","pésimas"
"pesimo","pésimo"
"pesimos","pésimos"
"peter","Peter"
"peticion","petición"
"petizo","petiso"
"petroleo","petróleo"
"pezca","pesca"
"pezcado","pescado"
"pezon","pezón"
"picardia","picardía"
"picaro","pícaro"
"picason","picazón"
"picasso","Picasso"
"picazon","picazón"
"pildora","píldora"
"pildoras","píldoras"
"pimenton","pimentón"
"pinky","Pinky"
"pinocho","Pinocho"
"pio","pío"
"piolin","piolín"
"pipi","pipí"
"piramide","pirámide"
"piramides","pirámides"
"pitagoras","Pitágoras"
"pitágoras","Pitágoras"
"pittamiglio","Pittamiglio"
"piza","pizza"
"pizarron","pizarrón"
"pizzeria","pizzería"
"placar","placard"
"planificacion","planificación"
"plantacion","plantación"
"plastica","plástica"
"plasticas","plásticas"
"plastico","plástico"
"platano","plátano"
"plateria","platería"
"platon","Platón"
"platón","Platón"
"plumifero","plumífero"
"plusvalia","plusvalía"
"poblacion","población"
"pobresa","pobreza"
"pocion","poción"
"pocker","póker"
"poesia","poesía"
"poker","póker"
"polici","policía"
"policia","policía"
"Policia","policía"
"Policía","policía"
"policias","policías"
"polinizacion","polinización"
"politica","política"
"Política","política"
"politicas","políticas"
"politico","político"
"politicos","políticos"
"poliza","póliza"
"polizon","polizón"
"polucion","polución"
"polvora","pólvora"
"popeye","Popeye"
"popo","popó"
"por que","por qué"
"porcion","porción"
"pororo","pororó"
"porqué","por qué"
"porqueria","porquería"
"porquerias","porquerías"
"portatil","portátil"
"porton","portón"
"posecion","posesión"
"posesion","posesión"
"posicion","posición"
"posion","poción"
"posión","poción"
"poso","pozo"
"posos","pozos"
"poster","póster"
"power point","Powerpoint"
"Power point","Powerpoint"
"power Point","Powerpoint"
"powerpoint","Powerpoint"
"practica","práctica"
"practico","práctico"
"precaucion","precaución"
"precausion","precaución"
"precidente","presidente"
"precionar","presionar"
"precision","precisión"
"prediccion","predicción"
"predisposicion","predisposición"
"premonicion","premonición"
"preocupacion","preocupación"
"preparacion","preparación"
"preposicion","preposición"
"presentacion","presentación"
"preservacion","preservación"
"presicion","precisión"
"presion","presión"
"presisa","precisa"
"presiso","preciso"
"prestamo","préstamo"
"prestamos","préstamos"
"presuncion","presunción"
"prevencion","prevención"
"prever","preveer"
"prevision","previsión"
"principe","príncipe"
"principes","príncipes"
"prision","prisión"
"privacion","privación"
"probiotico","probiótico"
"probioticos","probióticos"
"problematica","problemática"
"problematicas","problemáticas"
"problematico","problemático"
"problematicos","problemáticos"
"procastinar","procrastinar"
"procastinacion","procrastinación"
"procrastinacion","procrastinación"
"procer","prócer"
"proceres","próceres"
"prodigo","pródigo"
"prodigos","pródigos"
"produccion","producción"
"profecion","profesión"
"profeción","profesión"
"profecional","profesional"
"profesion","profesión"
"profuga","prófuga"
"profugas","prófugas"
"profugo","prófugo"
"profugos","prófugos"
"programacion","programación"
"prohibicion","prohibición"
"projimo","prójimo"
"prolongacion","prolongación"
"promocion","promoción"
"pronostico","pronóstico"
"proporcion","proporción"
"proposicion","proposición"
"proposito","propósito"
"prosegur","Prosegur"
"prostitucion","prostitución"
"proteccion","protección"
"Protección","protección"
"proteina","proteína"
"proteinas","proteínas"
"proteje","protege"
"protejer","proteger"
"protesis","prótesis"
"proton","protón"
"provocacion","provocación"
"proxima","próxima"
"proximo","próximo"
"proyeccion","proyección"
"psicoanalisis","psicoanálisis"
"psicofarmaco","psicofármaco"
"psicofarmacos","psicofármacos"
"psicologa","psicóloga"
"psicologia","psicología"
"psicologica","psicológica"
"psicologico","psicológico"
"psicologo","psicólogo"
"psicopata","psicópata"
"psicopatas","psicópatas"
"psicotica","psicótica"
"psicoticas","psicóticas"
"psicotico","psicótico"
"psicoticos","psicóticos"
"psicotropico","psicotrópico"
"psiquiatria","psiquiatría"
"psiquiatrica","psiquiátrica"
"psiquiatrico","psiquiátrico"
"pua","púa"
"puas","púas"
"puber","púber"
"puberes","púberes"
"publica","pública"
"publicacion","publicación"
"publico","público"
"publicos","públicos"
"pullover","pulóver"
"pulmon","pulmón"
"pulover","pulóver"
"punta del este","Punta del Este"
"punteria","puntería"
"puntuacion","puntuación"
"pure","puré"
"puterio","puterío"
"putrefaccion","putrefacción"
"qué","que"
"que?","que"
"querosene","querosén"
"queroseno","querosén"
"quien","quién"
"quijote","Quijote"
"quimica","química"
"quimicas","químicas"
"quimico","químico"
"quimicos","químicos"
"quino","Quino"
"quiosco","kiosco"
"quirofano","quirófano"
"quirofanos","quirófanos"
"quiroga","Quiroga"
"quiza","quizá"
"quizas","quizás"
"racing","Racing"
"racion","ración"
"rada","Rada"
"radiacion","radiación"
"radiografia","radiografía"
"raices","raíces"
"raid","Raid"
"raiz","raíz"
"rapida","rápida"
"rapidamente","rápidamente"
"rapidas","rápidas"
"rapides","rapidez"
"rapido","rápido"
"ràpido","rápido"
"rapidos","rápidos"
"raspon","raspón"
"raton","ratón"
"rayos x","rayos X"
"razocinio","raciocinio"
"razon","razón"
"reaccion","reacción"
"realizacion","realización"
"rebeldia","rebeldía"
"rebelion","rebelión"
"recepcion","recepción"
"recien","recién"
"recoleccion","recolección"
"recomendacion","recomendación"
"recompenza","recompensa"
"Reconocimiento","reconocimiento"
"recreacion","recreación"
"rectangulo","rectángulo"
"recuperacion","recuperación"
"redaccion","redacción"
"reduccion","reducción"
"referi","referí"
"refineria","refinería"
"reflexion","reflexión"
"refran","refrán"
"reggaeton","reggaetón"
"reggeton","reggaetón"
"regimen","régimen"
"region","región"
"reguetón","reggaetón"
"reguetton","reggaetón"
"rehen","rehén"
"reir","reír"
"relacion","relación"
"relajacion","relajación"
"relampago","relámpago"
"relampagos","relámpagos"
"religion","religión"
"RELIGION","religión"
"remis","remise"
"remuneracion","remuneración"
"renglon","renglón"
"renovacion","renovación"
"reparacion","reparación"
"reparticion","repartición"
"repeticion","repetición"
"representacion","representación"
"represion","represión"
"reproduccion","reproducción"
"republica","república"
"República","república"
"repulcion","repulsión"
"repulsion","repulsión"
"reputacion","reputación"
"resfrio","resfrío"
"resignacion","resignación"
"resolucion","resolución"
"resongar","rezongar"
"respiracion","respiración"
"restaurant","restaurante"
"restoran","restaurante"
"restriccion","restricción"
"retraida","retraída"
"retraidas","retraídas"
"retraido","retraído"
"retrazo","retraso"
"retribucion","retribución"
"reunion","reunión"
"Reunion","reunión"
"reuniòn","reunión"
"reveer","rever"
"revelde","rebe"
"reves","revés"
"revision","revisión"
"revolucion","revolución"
"revolver","revólver"
"Rey","rey"
"reyna","reina"
"rici","rico"
"ridiculo","ridículo"
"rie","ríe"
"riezgo","riesgo"
"rigida","rígida"
"rigido","rígido"
"rigidos","rígidos"
"rimel","rímel"
"rimmel","rímel"
"rin","Rin"
"rincon","rincón"
"riñon","riñón"
"rio","río"
"Río","río"
"rio de janeiro","Rio de Jaranero"
"rio de la plata","Río de la Plata"
"Rio de la plata","Río de la Plata"
"Rio de la Plata","Río de la Plata"
"río de la plata","Río de la Plata"
"rios","ríos"
"riquesa","riqueza"
"riquisimo","riquísimo"
"river","River"
"rivera","Rivera"
"roberto","Roberto"
"robin","Robin"
"robin hood","Robin Hood"
"rocha","Rocha"
"rocio","rocío"
"rodin","Rodin"
"rodo","rodó"
"rodrigo","Rodrigo"
"rodriguez","Rodríguez"
"roj","rojo"
"roji","rojo"
"roma","Roma"
"romantica","romántica"
"romanticas","románticas"
"romantico","romántico"
"romanticos","románticos"
"ronaldo","Ronaldo"
"rotacion","rotación"
"rotiseria","rotisería"
"rubi","rubí"
"rubies","rubíes"
"rufian","rufián"
"rustica","rústica"
"rusticas","rústicas"
"rustico","rústico"
"rusticos","rústicos"
"s.o.s.","S.O.S."
"sabado","sábado"
"sabanas","sábanas"
"sabiduria","sabiduría"
"sabihonda","sabionda"
"sabihondas","sabiondas"
"sabihondo","sabiondo"
"sabihondos","sabiondos"
"sabina","Sabina"
"sacudon","sacudón"
"sadico","sádico"
"safar","zafar"
"sagas","sagaz"
"sagre","sangre"
"sahara","Sahara"
"saliba","saliva"
"salinas","Salinas"
"salmon","salmón"
"salon","salón"
"salòn","salón"
"saltarin","saltarín"
"Salud","salud"
"salúd","salud"
"salvacion","salvación"
"san","San"
"san martin","San Martín"
"sanacion","sanación"
"sancho","Sancho"
"sancho panza","Sanco Panza"
"sancion","sanción"
"sandia","sandía"
"sandwich","sándwich"
"sandwiches","sándwiches"
"sangria","sangría"
"sanguche","sándwich"
"sánguche","sándwich"
"sanguinea","sanguínea"
"sanguineo","sanguíneo"
"santa claus","Santa Claus"
"santa fe","Santa Fé"
"santa teresa","Santa Teresa"
"santa Teresa","Santa Teresa"
"santiago","Santiago"
"Santo","santo"
"sarli","Sarli"
"sarmiento","Sarmiento"
"sarpado","zarpado"
"sarten","sartén"
"satanas","satanás"
"satelite","satélite"
"satisfaccion","satisfacción"
"satisfacion","satisfacción"
"saturacion","saturación"
"saturno","Saturno"
"savora","Savora"
"scotch","Scotch"
"seccion","sección"
"secrecion","secreción"
"seduccion","seducción"
"segregacion","segregación"
"Seguir","seguir"
"segun","según"
"seleccion","selección"
"semaforo","semáforo"
"Semaforo","semáforo"
"semaforos","semáforos"
"semicirculo","semicírculo"
"semicirculos","semicírculos"
"semiotica","semiótica"
"señalizacion","señalización"
"sencible","sensible"
"sencibles","sensibles"
"sensacion","sensación"
"sensillo","sencillo"
"separacion","separación"
"septimo","séptimo"
"sequia","sequía"
"sequias","sequías"
"Ser","ser"
"sera","será"
"serca","cerca"
"seudonomo","seudónimo"
"sexi","sexy"
"shakespeare","Shakespeare"
"shakira","Shakira"
"sherif","sheriff"
"sherlock","Sherlock"
"sherlock holmes","Sherlock Holmes"
"sherlok holmes","Sherlock Holmes"
"shoping","shopping"
"shrek","Shrek"
"si","sí"
"Sierra","sierra"
"sifilis","sífilis"
"sil","sol"
"silaba","sílaba"
"sillon","sillón"
"Sillón","sillón"
"silvar","silbar"
"silvato","silbato"
"sima","cima"
"simbolico","simbólico"
"simbolo","símbolo"
"simbolos","símbolos"
"simetria","simetría"
"simil","símil"
"simpatia","simpatía"
"simpatica","simpática"
"simpatico","simpático"
"simpson","Simpson"
"Simpson's","Simpsons"
"simpsons","Simpsons"
"sin vergüenza","sinvergüenza"
"sincha","cincha"
"sinchar","cinchar"
"sincronica","sincrónica"
"sincronico","sincrónico"
"sincronicas","sincrónicas"
"sincronicos","sincrónicos"
"sindrome","síndrome"
"sinfin","sinfín"
"sinonimo","sinónimo"
"sintesis","síntesis"
"sintetico","sintético"
"sintoma","síntoma"
"sintomas","síntomas"
"sintonia","sintonía"
"sinverguenza","sinvergüenza"
"sinverguenzas","sinvergüenzas"
"situacion","situación"
"sms","SMS"
"soberania","soberanía"
"sobervia","soberbia"
"sobervio","soberbio"
"sobrevivencia","supervivencia"
"socializacion","socialización"
"socrates","Sócrates"
"sócrates","Sócrates"
"sodiaco","zoodíaco"
"sodíaco","zoodíaco"
"sofa","sofá"
"Sol","sol"
"solari","Solari"
"solida","sólida"
"solidas","sólidas"
"solido","sólido"
"solidos","sólidos"
"solucion","solución"
"sombrio","sombrío"
"sonreir","sonreír"
"sonrrisa","sonrisa"
"soplon","soplón"
"SOS","S.O.S."
"sosten","sostén"
"sotano","sótano"
"sotanos","sótanos"
"soutién","soutien"
"spiderman","Spiderman"
"spinetta","Spinetta"
"sprite","Sprite"
"stereo","estéreo"
"stres","estrés"
"stress","estrés"
"suarez","Suárez"
"suárez","Suárez"
"suavidas","suavidad"
"subconciente","subconsciente"
"subordinacion","subordinación"
"subterraneo","subterráneo"
"succion","succión"
"sucedio","sucedió"
"sucesion","sucesión"
"sucii","sucio"
"sudamerica","sudamérica"
"sueter","suéter"
"sueve","suave"
"suiza","Suiza"
"sulfurico","sulfúrico"
"sumision","sumisión"
"sunca","SUNCA"
"súper","super"
"super heroe","superhéroe"
"super héroe","superhéroe"
"superacion","superación"
"superheroe","superhéroe"
"superheroes","superhéroes"
"superman","Superman"
"supersticion","superstición"
"suplica","súplica"
"suplicas","súplicas"
"suposicion","suposición"
"supremacia","supremacía"
"surcir","zurcir"
"susana","Susana"
"sustraccion","sustracción"
"sutien","soutien"
"sutién","soutien"
"sweater","suéter"
"sweter","suéter"
"tabare","Tabaré"
"tabarez","Tabárez"
"Tabarez","Tabárez"
"tabárez","Tabárez"
"tabla periodica","tabla periódica"
"tabu","tabú"
"tactica","táctica"
"tactil","táctil"
"taekondo","taekwondo"
"talon","talón"
"talvez","tal vez"
"tambien","también"
"tampon","tampón"
"taper","tupper"
"táper","tupper"
"tapiceria","tapicería"
"tapon","tapón"
"tardio","tardío"
"tarzan","Tarzán"
"tarzán","Tarzán"
"tasmania","Tasmania"
"tazmania","Tasmania"
"tazon","tazón"
"te","té"
"teabajo","trabajo"
"tecnica","técnica"
"tecnicas","técnicas"
"tecnico","técnico"
"tecnologia","tecnología"
"Tecnologia","tecnología"
"Tecnología","tecnología"
"tectonica","tectónica"
"telefonica","telefónica"
"telefono","teléfono"
"telefonos","teléfonos"
"televicion","televisión"
"televición","televisión"
"television","televisión"
"telon","telón"
"tematica","temática"
"tematicas","temáticas"
"tencion","tensión"
"tención","tensión"
"tendon","tendón"
"tennis","tenis"
"tension","tensión"
"tentacion","tentación"
"tentaculo","tentáculo"
"tentaculos","tentáculos"
"teoria","teoría"
"teorias","teorías"
"teorico","teórico"
"terminacion","terminación"
"termino","término"
"terminos","términos"
"termometro","termómetro"
"terraqueo","terráqueo"
"terraqueos","terráqueos"
"terrorifico","terrorífico"
"tes","tez"
"teson","tesón"
"tesoreria","tesorería"
"testiculos","testículos"
"tetrica","tétrica"
"tetrico","tétrico"
"tezon","tesón"
"tezón","tesón"
"tia","tía"
"tias","tías"
"tiburon","tiburón"
"tictac","tic tac"
"Tiempo","tiempo"
"tienpo","tiempo"
"Tierra","tierra"
"timida","tímida"
"timidas","tímidas"
"timido","tímido"
"timidos","tímidos"
"timon","timón"
"tincion","tinción"
"tinelli","Tinelli"
"tio","tío"
"tios","tíos"
"tipica","típica"
"tipicas","típicas"
"tipico","típico"
"tipicos","típicos"
"tirania","tiranía"
"titanic","Titanic"
"titere","títere"
"titeres","títeres"
"titulo","título"
"titulos","títulos"
"toallon","toallón"
"tobogan","tobogán"
"todavia","todavía"
"tombola","tómbola"
"tonteria","tontería"
"tonterias","tonterías"
"topico","tópico"
"topicos","tópicos"
"torax","tórax"
"totem","tótem"
"toxica","tóxica"
"toxicas","tóxicas"
"toxico","tóxico"
"toxicos","tóxicos"
"trabaho","trabajo"
"trabaji","trabajo"
"Trabajo","trabajo"
"traccion","tracción"
"tradicion","tradición"
"trafico","tráfico"
"tragica","trágica"
"tragicas","trágicas"
"tragico","trágico"
"tragicos","trágicos"
"traicion","traición"
"trailer","tráiler"
"trajedia","tragedia"
"tramite","trámite"
"tramites","trámites"
"trampolin","trampolín"
"trancito","tránsito"
"tranfuga","tránsfuga"
"tránfuga","tránsfuga"
"tranfugas","tránsfugas"
"tránfugas","tránsfugas"
"transaccion","transacción"
"transformacion","transformación"
"transfuga","tránsfuga"
"transfugas","tránsfugas"
"transicion","transición"
"transito","tránsito"
"translucido","translúcido"
"transmicion","transmisión"
"transmision","transmisión"
"transpiracion","transpiración"
"transtorno","trastorno"
"transtornado","trastornado"
"transtornada","trastornada"
"traslucido","translúcido"
"trasmitir","transmitir"
"trasporte","transporte"
"trebol","trébol"
"triangulo","triángulo"
"triangulos","triángulos"
"triateza","tristeza"
"trio","trío"
"tripode","trípode"
"tripulacion","tripulación"
"tristesa","tristeza"
"triteza","tristeza"
"trizte","triste"
"trizteza","tristeza"
"trombon","trombón"
"tropezon","tropezón"
"tropico","trópico"
"tropicos","trópicos"
"troya","Troya"
"trsite","triste"
"trsiteza","tristeza"
"trsteza","tristeza"
"trump","Trump"
"tuberculo","tubérculo"
"tuberia","tubería"
"tubo ensayo","tubo de ensayo"
"tucuman","Tucumán"
"tunel","túnel"
"tunica","túnica"
"tunicas","túnicas"
"tuper","tupper"
"turistica","turística"
"turistico","turístico"
"turner","Turner"
"turron","turrón"
"tutu","tutú"
"tv","TV"
"twitter","Twitter"
"uber","Uber"
"ubicacion","ubicación"
"uir","huir"
"ulcera","úlcera"
"ultima","última"
"ultimas","últimas"
"ultimo","último"
"ultimos","últimos"
"unica","única"
"unicas","únicas"
"unico","único"
"unicos","únicos"
"union","unión"
"Union","unión"
"Unión","unión"
"Universidad","universidad"
"urto","hurto"
"uruguay","Uruguay"
"usb","USB"
"ute","UTE"
"utencilio","utensilio"
"utencillo","utensilio"
"utensillo","utensilio"
"utensillos","utensilios"
"utero","útero"
"util","útil"
"utiles","útiles"
"utopia","utopía"
"utopica","utópica"
"utopico","utópico"
"vacacion","vacación"
"vacia","vacía"
"vacias","vacías"
"vacio","vacío"
"vacìo","vacío"
"vacios","vacíos"
"vacteria","bacteria"
"vacunacion","vacunación"
"vagon","vagón"
"valanza","balanza"
"valentia","valentía"
"Valentía","valentía"
"valentin","Valentín"
"valentín","Valentín"
"valentina","Valentina"
"valida","válida"
"validas","válidas"
"valido","válido"
"validos","válidos"
"valoracion","valoración"
"vanal","banal"
"vandalo","vándalo"
"varela","Varela"
"variacion","variación"
"varon","varón"
"vaticano","Vaticano"
"vegetacion","vegetación"
"vehiculo","vehículo"
"vehiculos","vehículos"
"veiculo","vehículo"
"vejes","vejez"
"velóz","veloz"
"venecia","Venecia"
"venezuela","Venezuela"
"veni","vení"
"verborragico","verborrágico"
"verduleria","verdulería"
"verguenza","vergüenza"
"veridico","verídico"
"verosimil","verosímil"
"versatil","versátil"
"versatiles","versátiles"
"version","versión"
"vertebra","vértebra"
"vertebras","vértebras"
"vertice","vértice"
"vertices","vértices"
"vertigo","vértigo"
"via","vía"
"via lactea","vía láctea"
"via láctea","vía láctea"
"vía lactea","vía láctea"
"vias","vías"
"vibora","víbora"
"viboras","víboras"
"vibracion","vibración"
"vicera","visera"
"victima","víctima"
"victimas","víctimas"
"vidal","Vidal"
"videla","Videla"
"vids","vidas"
"vieji","viejo"
"vinculo","vínculo"
"vinculos","vínculos"
"violacion","violación"
"violin","violín"
"VIP","vip"
"vision","visión"
"vivora","víbora"
"vocacion","vocación"
"volatil","volátil"
"volcan","volcán"
"voley","voleibol"
"voleyball","voleibol"
"volley","voleibol"
"vomito","vómito"
"vomitos","vómitos"
"votacion","votación"
"vuda","vida"
"washington","Washington"
"watson","Watson"
"whatsapp","WhatsApp"
"williams","Williams"
"windows","Windows"
"wisky","whisky"
"word","Word"
"xx","XX"
"xxx","XXX"
"yaga","llaga"
"yagas","llagas"
"yankee","yanqui"
"yankees","yanquis"
"yanki","yanqui"
"yankie","yanqui"
"yankies","yanquis"
"yankis","yanquis"
"yogur","yogurt"
"youtube","Youtube"
"zafari","safari"
"zapateria","zapatería"
"zeppelin","Zeppelin"
"zeus","Zeus"
"zodiaco","zodíaco"
"zoodiaco","zodíaco"
"zoologico","zoológico"
"contento / a","contento"
